Sincere@april.biz, hildegard.org, hemisphere:South
Shanna@melissa.tv, anastasia.net, hemisphere:South
Nathan@yesenia.net, ramiro.info, hemisphere:South
Julianne.OConner@kory.org, kale.biz, hemisphere:North
Lucio_Hettinger@annie.ca, demarco.info, hemisphere:South
Karley_Dach@jasper.info, ola.org, hemisphere:South
Telly.Hoeger@billy.biz, elvis.io, hemisphere:North
Sherwood@rosamond.me, jacynthe.com, hemisphere:South
Chaim_McDermott@dana.io, conrad.com, hemisphere:North
Rey.Padberg@karina.biz, ambrose.net, hemisphere:Southname,email,website
name,email,website
